"","ID","Description","GeneRatio","BgRatio","pvalue","p.adjust","qvalue","geneID","Count"
"GO:0006979","GO:0006979","response to oxidative stress","63/1294","376/16672",4.41765845753382e-09,2.26449172533184e-05,1.93307433768085e-05,"5536/2730/5663/3717/5625/3091/1471/9688/2936/5516/3315/9124/2054/5159/11235/9588/7128/2309/5311/8013/1843/2185/847/55829/2643/5562/694/406/3939/5156/29979/79899/1861/7225/10516/4170/29920/388/10550/890/2308/11030/65018/836/9529/5598/2861/9943/5970/90441/253827/488/5074/5587/3297/154807/4217/7296/51734/4277/2878/1147/2119",63
"GO:1901653","GO:1901653","cellular response to peptide","53/1294","304/16672",1.90936297640552e-08,4.89369730852734e-05,4.17748520679881e-05,"5577/2844/10580/3717/688/858/857/23189/10014/5573/59345/54206/2309/8013/5290/3164/6776/5908/529/55829/5468/5791/5562/51763/26191/23175/9882/3480/185/890/5295/1979/2308/55022/51094/3625/28999/252983/11031/6774/3667/2783/5970/6777/3952/57085/5781/3297/23545/8660/5167/4641/54741",53
"GO:1901652","GO:1901652","response to peptide","66/1294","425/16672",4.12321978273127e-08,7.04520820209349e-05,6.01411390765399e-05,"5577/2844/10580/3717/4792/688/858/857/23189/10014/5573/1432/55914/59345/22937/54206/7128/2309/8013/847/5290/3164/6776/5908/529/55829/5468/5791/5562/51763/694/26191/6272/23175/9882/3480/185/890/5295/2796/1979/133/2308/55022/7079/51094/3625/28999/252983/11031/6774/3667/2783/5970/6777/488/3952/57085/5781/3297/23545/8660/5167/4641/2475/54741",66
"GO:0007015","GO:0007015","actin filament organization","54/1294","323/16672",6.07104980564599e-08,7.78005032593533e-05,6.64140895843957e-05,"6093/9948/285527/55604/10580/3717/28984/23189/4739/8936/6722/10096/2185/7408/11034/81/10487/51763/10810/23075/9645/9475/64780/5879/10097/85464/375/5295/1730/2934/2059/123720/7791/10092/10602/25802/171024/27289/57175/1072/5074/91663/359845/4771/2316/2764/4641/89848/1902/51734/2475/2013/283/10093",54
"GO:0071375","GO:0071375","cellular response to peptide hormone stimulus","49/1294","287/16672",1.27601033286568e-07,0.000130816579325389,0.000111671051657319,"5577/2844/10580/3717/858/857/23189/10014/5573/59345/54206/8013/5290/3164/6776/5908/529/55829/5468/5791/5562/51763/23175/9882/3480/185/890/5295/1979/2308/55022/51094/3625/252983/11031/6774/3667/2783/5970/6777/3952/57085/5781/3297/23545/8660/5167/4641/54741",49
"GO:0048514","GO:0048514","blood vessel morphogenesis","71/1294","487/16672",1.65462941023567e-07,0.0001413605059478,0.000120671832602626,"79602/1890/639/51564/28996/6093/6095/3091/688/28984/857/3315/10014/1432/9444/6722/5159/11235/8828/7128/5311/2185/5290/4327/3164/64344/6237/14/6303/90627/694/9475/5156/1284/9394/10413/7057/10427/94/4240/3491/388/92140/133/7342/23576/4643/7498/861/7855/7048/25976/55273/5598/290/1285/25932/10855/57493/3952/8322/8325/302/147372/9241/5587/7026/1282/55742/2013/283",71
"GO:0034329","GO:0034329","cell junction assembly","37/1294","192/16672",2.04738613660935e-07,0.000149927161946565,0.000127984724359174,"928/7414/2824/3909/3918/51564/81671/6093/9948/55679/10979/60/10580/3551/857/6722/2185/7408/5908/81/9475/3915/5879/7094/7057/94/8394/92140/123720/54751/7855/1613/57493/5339/71/2316/4641",37
"GO:1902532","GO:1902532","negative regulation of intracellular signal transduction","66/1294","447/16672",2.82700612360926e-07,0.000181140417370263,0.000154629795471628,"10048/55885/9709/8531/51564/6095/6717/9462/11213/3091/4792/5516/857/3315/23189/1845/10114/55914/604/54206/7128/5311/1843/599/55829/5562/51763/406/26191/51347/55654/10253/10010/4609/7057/5495/1847/7009/3480/126374/4170/10318/2308/23171/7498/65018/51094/84447/467/7417/9529/5598/3622/55031/5970/5187/91663/4582/64853/4771/11261/7088/200734/801/805/54741",66
"GO:0034599","GO:0034599","cellular response to oxidative stress","40/1294","220/16672",3.36195878086655e-07,0.000191482230119133,0.000163458042714178,"5536/3717/5625/3091/1471/9688/3315/11235/7128/2309/5311/8013/55829/2643/5562/406/5156/29979/79899/7225/10516/4170/29920/388/10550/890/2308/65018/9529/5598/2861/5970/90441/488/5074/5587/3297/154807/4217/2119",40
"GO:0034330","GO:0034330","cell junction organization","42/1294","246/16672",9.96085677090363e-07,0.00051059351807652,0.000435866122069962,"928/7414/2824/3909/3918/51564/81671/6093/9948/55679/10979/60/10580/3551/857/6722/2185/11228/7408/5908/5819/81/9475/3915/5879/7094/7057/94/8394/92140/123720/54751/7855/1613/57493/5339/1002/71/4771/2316/4641/283",42
"GO:0043434","GO:0043434","response to peptide hormone","58/1294","390/16672",1.17088541382223e-06,0.000545632602841161,0.000465777097153973,"5577/2844/10580/3717/858/857/23189/10014/5573/59345/22937/54206/8013/847/5290/3164/6776/5908/529/55829/5468/5791/5562/51763/694/6272/23175/9882/3480/185/890/5295/2796/1979/133/2308/55022/7079/51094/3625/252983/11031/6774/3667/2783/5970/6777/488/3952/57085/5781/3297/23545/8660/5167/4641/2475/54741",58
"GO:0031589","GO:0031589","cell-substrate adhesion","48/1294","301/16672",1.33904745138347e-06,0.000571996436315972,0.000488282478543954,"5310/7414/2824/6093/10979/8516/55604/50509/3912/10580/3717/23189/11149/6722/604/4811/2185/81/9475/3915/5879/7057/8499/94/10516/3491/8515/8394/5295/80005/6251/6695/123720/1896/7791/1398/1613/5881/10855/79834/8322/91663/1435/4771/2316/55742/2013/3672",48
"GO:0042326","GO:0042326","negative regulation of phosphorylation","60/1294","414/16672",1.82624038709627e-06,0.000720100632635036,0.000614711035559448,"5577/10048/5536/55885/5663/11213/4616/5611/857/3315/51422/1845/5573/10114/868/54206/7128/1843/3624/51763/26191/51347/79899/64780/10253/4609/1847/5925/3480/9711/10318/2308/23171/55022/84959/7498/65018/55450/467/1353/5598/6774/2167/23141/5187/91663/9241/7026/8660/64853/4771/11261/2764/104/5167/200734/801/805/2475/1756",60
"GO:0006470","GO:0006470","protein dephosphorylation","43/1294","262/16672",2.18852345553772e-06,0.000741330882000233,0.000632834153330794,"9108/5536/4659/6093/26469/9891/8555/3717/55313/3551/5516/1845/5159/9829/1843/5782/10776/5791/23075/26191/9475/5495/1847/85464/5793/84959/138639/54935/65018/64419/26012/94274/5780/5499/57546/23141/5781/8073/160760/801/805/5500/3672",43
"GO:0036473","GO:0036473","cell death in response to oxidative stress","18/1294","67/16672",2.2227820491595e-06,0.000741330882000233,0.000632834153330794,"3717/5625/3091/9688/3315/11235/2309/8013/29979/4170/10550/65018/9529/5598/2861/90441/5074/4217",18
"GO:0008154","GO:0008154","actin polymerization or depolymerization","34/1294","187/16672",2.50922942532267e-06,0.000741330882000233,0.000632834153330794,"9948/55604/3717/23189/8936/10096/2185/7408/11034/10487/10810/23075/9645/64780/5879/10097/85464/375/2934/2059/123720/10092/10602/25802/57175/1072/91663/2764/4641/89848/51734/2475/283/10093",34
"GO:0031579","GO:0031579","membrane raft organization","9/1294","18/16672",2.54007860083174e-06,0.000741330882000233,0.000632834153330794,"11252/858/857/2319/4864/2934/91663/302/2013",9
"GO:0032970","GO:0032970","regulation of actin filament-based process","49/1294","317/16672",2.60319076785099e-06,0.000741330882000233,0.000632834153330794,"2824/1265/6093/9948/6717/55604/28984/857/23189/8936/5159/10096/2185/7408/11034/54795/51763/23075/9475/5156/5879/10097/85464/396/27/375/5295/2934/2059/123720/6781/10092/10602/476/25802/1398/1613/11214/171024/57175/488/91663/4771/2764/4641/89848/1902/2475/10093",49
"GO:0001525","GO:0001525","angiogenesis","59/1294","411/16672",3.02641494890805e-06,0.00081649489621593,0.000696997614549073,"79602/1890/51564/28996/6093/6095/3091/688/28984/857/3315/10014/1432/6722/5159/11235/8828/7128/2185/5290/4327/3164/64344/6237/14/6303/90627/694/9475/5156/1284/9394/7057/94/4240/3491/388/92140/133/7342/23576/861/7855/7048/55273/5598/290/1285/25932/10855/3952/8325/302/147372/5587/1282/55742/2013/283",59
"GO:0042542","GO:0042542","response to hydrogen peroxide","25/1294","119/16672",3.79637438273037e-06,0.000973010754293794,0.000830606753105798,"5536/1471/9688/5516/5159/11235/7128/2309/8013/1843/2185/847/5562/3939/7225/388/2308/65018/836/5598/2861/5970/5074/3297/4217",25
"GO:0071900","GO:0071900","regulation of protein serine/threonine kinase activity","63/1294","459/16672",6.31915823578197e-06,0.00154247643412468,0.00131672886146093,"5577/5310/8491/5606/7251/5663/11213/3717/4616/28984/857/3315/51422/23560/1326/1845/5573/54757/10114/2965/1432/896/5159/11235/2043/7128/5311/1843/2185/3306/5894/5562/51763/26191/51347/29969/10253/7057/1847/3480/5899/890/6868/2180/7855/57018/5598/1398/5604/11214/8322/8325/5781/7026/64853/4217/1902/200734/801/805/4215/3672/81669",63
"GO:2001233","GO:2001233","regulation of apoptotic signaling pathway","53/1294","367/16672",8.00823977209648e-06,0.00186591986689848,0.00159283505897632,"8837/2730/23604/9709/8531/5663/55437/10059/3717/3091/8406/56917/857/3315/5414/1075/1491/7128/3624/599/10197/55829/5894/10955/29979/64114/10413/7057/658/7009/4170/2934/138151/65018/84447/467/3625/3148/7417/64112/9529/5598/1613/3622/2668/55031/5499/5970/9241/4582/57591/7027/54978",53
"GO:0001933","GO:0001933","negative regulation of protein phosphorylation","54/1294","379/16672",9.8089091388095e-06,0.00218610731502337,0.00186616179817076,"5577/10048/5536/55885/5663/11213/4616/5611/857/3315/51422/1845/5573/10114/868/54206/7128/1843/51763/26191/51347/79899/64780/10253/4609/1847/5925/3480/10318/2308/23171/55022/84959/7498/65018/55450/467/5598/2167/5187/91663/9241/7026/64853/4771/11261/2764/104/5167/200734/801/805/2475/1756",54
"GO:0046323","GO:0046323","glucose import","18/1294","74/16672",1.0238404344774e-05,0.00218675252797131,0.00186671258163269,"79602/8218/10580/51422/1432/10776/55829/5562/6272/5295/114134/55022/3667/3952/5781/8660/81031/5167",18
"GO:0032869","GO:0032869","cellular response to insulin stimulus","32/1294","183/16672",1.1363332958178e-05,0.00232993778974482,0.00198894210977457,"2844/10580/858/23189/10014/54206/5290/529/55829/5468/5791/5562/51763/23175/9882/3480/5295/1979/2308/55022/51094/3625/252983/11031/3667/5970/3952/5781/23545/8660/5167/4641",32
"GO:0007265","GO:0007265","Ras protein signal transduction","46/1294","307/16672",1.2028060528946e-05,0.00237137839505297,0.00202431771736148,"9855/9265/6093/10235/9462/6655/5516/23189/8036/9828/1432/8936/5159/604/6237/5908/5894/22800/9475/10253/5879/9411/121512/5925/396/388/5899/185/890/10146/2768/53358/2059/10602/1398/11214/1072/5587/1435/23365/1902/6453/4893/1147/64283/115557",46
"GO:0070301","GO:0070301","cellular response to hydrogen peroxide","18/1294","76/16672",1.52115090630402e-05,0.00288793316507941,0.00246527263840383,"5536/1471/9688/11235/7128/2309/8013/5562/7225/388/2308/65018/5598/2861/5970/5074/3297/4217",18
"GO:0070482","GO:0070482","response to oxygen levels","45/1294","301/16672",1.5792229035228e-05,0.00289110592980639,0.00246798105637004,"28996/6095/3091/1471/28984/857/9124/6722/5159/22937/2309/2185/847/3709/64344/81/5894/5468/5562/3939/29979/7225/7057/94/7009/126374/890/133/2308/6868/6921/65018/6781/7048/836/10370/4204/9915/3952/57085/18/3297/1902/2475/283",45
"GO:2001234","GO:2001234","negative regulation of apoptotic signaling pathway","34/1294","204/16672",1.76537701135667e-05,0.00306392667553582,0.00261550879729807,"8837/2730/9709/8531/5663/55437/3091/56917/3315/1491/7128/599/10197/55829/5894/64114/10413/7057/7009/4170/65018/84447/3148/7417/9529/5598/3622/2668/55031/5970/9241/4582/57591/54978",34
"GO:0009100","GO:0009100","glycoprotein metabolic process","54/1294","387/16672",1.79316816750048e-05,0.00306392667553582,0.00261550879729807,"6646/1301/5663/3091/1471/54928/51809/4121/64689/66008/80267/23169/85365/9469/9953/11070/79644/53947/117248/4245/55858/9445/11173/9394/7057/26035/658/4864/54507/10318/56548/26229/11096/286148/30815/84447/8707/285203/201595/25976/5806/55568/29071/10855/51301/5074/79147/4582/11261/2526/170384/337876/51465/8705",54
"GO:0000302","GO:0000302","response to reactive oxygen species","34/1294","205/16672",1.96182625467299e-05,0.00324397463917863,0.00276920602399852,"5536/1471/9688/2936/5516/5159/11235/9588/7128/2309/5311/8013/1843/2185/847/2643/5562/3939/5156/7225/10516/388/890/2308/65018/836/5598/2861/5970/5074/3297/4217/7296/2878",34
"GO:0008631","GO:0008631","intrinsic apoptotic signaling pathway in response to oxidative stress","13/1294","45/16672",2.42753239598848e-05,0.00388860345682405,0.00331949084543557,"3717/5625/3091/3315/11235/29979/4170/10550/65018/9529/5598/90441/4217",13
"GO:0071417","GO:0071417","cellular response to organonitrogen compound","61/1294","462/16672",2.91858152877773e-05,0.0045335299747014,0.00387002979748932,"5577/2844/2730/10580/3717/688/858/857/23189/10014/5573/59345/54206/2309/8013/5290/3709/3164/6776/5908/529/55829/5468/5791/5562/51763/26191/23175/9882/3480/185/890/5295/1979/2308/55022/6781/51094/3625/28999/23514/26012/252983/11031/6774/3667/2783/5970/6777/3952/57085/5781/3297/23545/8660/1282/5167/4641/1290/54741/65010",61
"GO:0032868","GO:0032868","response to insulin","37/1294","236/16672",3.10090002251092e-05,0.00467506279864441,0.00399084872866189,"2844/10580/858/23189/10014/22937/54206/847/5290/529/55829/5468/5791/5562/51763/6272/23175/9882/3480/5295/1979/133/2308/55022/51094/3625/252983/11031/3667/5970/3952/5781/23545/8660/5167/4641/2475",37
"GO:0001765","GO:0001765","membrane raft assembly","6/1294","10/16672",3.45501702059744e-05,0.00506011921359499,0.0043195506028943,"11252/858/857/2319/302/2013",6
"GO:0032956","GO:0032956","regulation of actin cytoskeleton organization","42/1294","283/16672",3.56929390529836e-05,0.00508227793293316,0.00433846630535827,"2824/6093/9948/55604/28984/23189/8936/5159/10096/2185/7408/11034/51763/23075/9475/5156/5879/10097/85464/396/27/375/5295/2934/2059/123720/10092/10602/25802/1398/1613/11214/171024/57175/91663/4771/2764/4641/89848/1902/2475/10093",42
"GO:0035329","GO:0035329","hippo signaling","11/1294","35/16672",4.30932550651884e-05,0.00576450541798028,0.00492084707939791,"7005/51421/55233/9414/10413/126374/836/4771/7003/79633/7004",11
"GO:2000114","GO:2000114","regulation of establishment of cell polarity","8/1294","19/16672",4.48125670296791e-05,0.00576450541798028,0.00492084707939791,"6093/23189/2185/5908/2319/9475/2934/10193",8
"GO:0061448","GO:0061448","connective tissue development","36/1294","231/16672",4.49065829545722e-05,0.00576450541798028,0.00492084707939791,"5310/1301/5019/3091/54928/1311/59/7704/1432/6722/5159/4209/5290/54795/23111/6660/11173/658/94/3491/151449/114789/6781/861/91461/2487/7048/91252/8313/5970/3952/285590/64764/359845/9241/1435",36
"GO:0008643","GO:0008643","carbohydrate transport","31/1294","187/16672",4.52892832332812e-05,0.00576450541798028,0.00492084707939791,"79602/8218/81929/10762/10580/9688/51422/1432/23169/8013/10776/11046/55829/5562/51763/6272/55032/5295/114134/55022/50651/28999/252983/3667/3952/5781/55343/8660/81031/5167/65010",31
"GO:0001666","GO:0001666","response to hypoxia","41/1294","277/16672",4.68190977566554e-05,0.00576450541798028,0.00492084707939791,"28996/6095/3091/1471/28984/857/9124/6722/22937/2309/2185/847/3709/64344/81/5894/5562/3939/29979/7225/7057/94/7009/126374/890/133/6868/6921/65018/6781/7048/836/10370/4204/9915/3952/57085/18/3297/2475/283",41
"GO:0051051","GO:0051051","negative regulation of transport","57/1294","430/16672",4.72316089651135e-05,0.00576450541798028,0.00492084707939791,"5310/2824/4129/6717/9727/11252/4792/28984/84079/857/5311/9525/2185/3624/5908/7376/80762/55829/5562/51763/26191/29979/29969/9882/5879/7057/5495/7009/10550/9711/55022/285381/80223/6781/91461/3625/5598/8313/3667/9943/257364/3952/5781/55432/302/18/5587/8660/11261/307/5167/801/805/2475/51465/6311/54978",57
"GO:0006112","GO:0006112","energy reserve metabolic process","19/1294","90/16672",5.00540721641648e-05,0.00596691102124439,0.00509362981606936,"5255/10580/5834/51422/9945/55829/51763/4609/55022/3667/7360/5499/3952/8660/5167/801/805/2475/5500",19
"GO:0009101","GO:0009101","glycoprotein biosynthetic process","48/1294","345/16672",5.54512530749367e-05,0.00646007098323012,0.00551461385245243,"6646/5663/51809/4121/64689/66008/80267/23169/85365/9469/9953/11070/79644/53947/117248/4245/55858/9445/11173/9394/7057/26035/658/4864/54507/10318/56548/26229/11096/286148/30815/84447/8707/285203/201595/25976/55568/29071/51301/5074/79147/4582/11261/2526/170384/337876/51465/8705",48
"GO:0007009","GO:0007009","plasma membrane organization","39/1294","261/16672",5.74701863525137e-05,0.00654649278317745,0.00558838747759999,"6093/8417/10580/51100/11252/3551/858/857/2054/57088/53947/51763/2319/27183/92154/9475/64114/5879/8394/85409/5295/196383/55022/123720/115548/11079/91461/783/11031/129303/3799/9788/257364/488/91663/302/254887/79633/2013",39
"GO:0046324","GO:0046324","regulation of glucose import","15/1294","62/16672",5.90134620785673e-05,0.00657615231771165,0.00561370622106646,"79602/8218/10580/51422/1432/10776/55829/5562/5295/55022/3667/3952/5781/8660/5167",15
"GO:0033674","GO:0033674","positive regulation of kinase activity","62/1294","489/16672",8.38908767180572e-05,0.00908334371449478,0.00775396016616112,"5577/5310/8491/5606/5663/55437/3717/4616/28984/51422/1326/5573/54757/23531/1432/896/5159/11235/2043/5311/2185/5290/9217/3306/5894/5562/5156/51347/29969/10253/5879/7057/1847/3491/5899/6868/2180/143384/65018/7855/7048/57018/51704/1398/5604/3667/11214/90441/3952/8322/8325/5781/1435/4217/1902/801/805/4215/2013/3672/283/81669",62
"GO:0030433","GO:0030433","ER-associated ubiquitin-dependent protein catabolic process","16/1294","71/16672",8.50566715364318e-05,0.00908334371449478,0.00775396016616112,"9709/5705/9097/857/57003/550/80267/55829/29979/1861/79139/84447/201595/55432/55666/51465",16
"GO:0036293","GO:0036293","response to decreased oxygen levels","41/1294","285/16672",8.98024771673352e-05,0.00939443873387266,0.0080195251897876,"28996/6095/3091/1471/28984/857/9124/6722/22937/2309/2185/847/3709/64344/81/5894/5562/3939/29979/7225/7057/94/7009/126374/890/133/6868/6921/65018/6781/7048/836/10370/4204/9915/3952/57085/18/3297/2475/283",41
"GO:0097191","GO:0097191","extrinsic apoptotic signaling pathway","34/1294","221/16672",9.37973840040552e-05,0.00960058776912885,0.00819550349226208,"8837/2730/7133/55437/3717/8406/857/7128/2309/3624/599/10197/5894/6272/91/64114/10413/7057/658/4170/5295/9531/3570/467/3148/836/64112/5598/27018/1613/2668/5499/5970/10193",34
"GO:0010827","GO:0010827","regulation of glucose transport","20/1294","102/16672",9.62757346265473e-05,0.00960058776912885,0.00819550349226208,"79602/8218/81929/10762/10580/9688/51422/1432/8013/10776/55829/5562/51763/5295/55022/3667/3952/5781/8660/5167",20
"GO:0016311","GO:0016311","dephosphorylation","56/1294","432/16672",0.000101091027488429,0.00960058776912885,0.00819550349226208,"9108/5536/4659/6093/3632/26469/9891/22978/8555/3717/3705/55313/54928/3551/5516/1845/5159/9829/1843/5782/10776/5791/51763/23075/26191/9475/23175/5495/1847/85464/3613/493911/5793/84959/138639/54935/65018/476/64419/26012/94274/5780/5499/57546/23141/5781/8073/11261/160760/131870/801/805/23381/22908/5500/3672",56
"GO:0044320","GO:0044320","cellular response to leptin stimulus","7/1294","16/16672",0.000102176206561708,0.00960058776912885,0.00819550349226208,"8013/890/55022/51094/3625/6774/3952",7
"GO:0061298","GO:0061298","retina vasculature development in camera-type eye","7/1294","16/16672",0.000102176206561708,0.00960058776912885,0.00819550349226208,"3091/5159/5156/94/25932/8322/1282",7
"GO:0048013","GO:0048013","ephrin receptor signaling pathway","18/1294","87/16672",0.000103195295274944,0.00960058776912885,0.00819550349226208,"6093/60/10627/2051/28964/10096/2043/9475/5879/10097/10092/1398/5781/71/160/6453/64283/10093",18
"GO:0016050","GO:0016050","vesicle organization","45/1294","325/16672",0.000104883518351778,0.00960058776912885,0.00819550349226208,"23637/23216/8907/7251/8417/27131/9117/10175/9218/8406/57617/84079/8775/858/857/1075/2054/1294/64689/8934/23673/9525/9217/5819/27183/6272/8676/10228/9882/10113/10427/375/7110/85409/2890/137492/65018/7109/125058/83547/3799/257364/3267/302/23243",45
"GO:0030168","GO:0030168","platelet activation","27/1294","161/16672",0.000112016830958627,0.0100736539560337,0.00859933455761795,"928/7414/60/10627/160851/3315/6722/5290/3709/5894/5156/5879/7094/7225/388/5295/2768/84959/10630/8323/29071/114897/5781/18/71/2316/5336",27
"GO:0003012","GO:0003012","muscle system process","51/1294","385/16672",0.000118217294270182,0.0104479629384302,0.0089188619288774,"8837/8735/7414/6093/4205/29995/6717/4637/10580/10627/1760/857/59/6722/54206/103910/8013/5290/800/54795/9475/6332/7094/7170/80005/2934/23171/6781/219931/10611/476/25802/28999/783/7171/1613/2668/147/11214/488/3952/18/3768/309/7169/801/805/2475/1756/1147/3672",51
"GO:0034614","GO:0034614","cellular response to reactive oxygen species","23/1294","128/16672",0.000122129821394603,0.010610804482521,0.00905787096409216,"5536/1471/9688/11235/7128/2309/5311/8013/2643/5562/5156/7225/10516/388/890/2308/65018/5598/2861/5970/5074/3297/4217",23
"GO:0005979","GO:0005979","regulation of glycogen biosynthetic process","9/1294","27/16672",0.000129007947259752,0.0108408973385818,0.00925428881378413,"10580/55829/51763/3667/5499/8660/5167/2475/5500",9
"GO:0010962","GO:0010962","regulation of glucan biosynthetic process","9/1294","27/16672",0.000129007947259752,0.0108408973385818,0.00925428881378413,"10580/55829/51763/3667/5499/8660/5167/2475/5500",9
"GO:0033673","GO:0033673","negative regulation of kinase activity","36/1294","244/16672",0.000141427298065144,0.0116118584559884,0.00991241669949763,"5577/5663/11213/4616/5611/857/3315/51422/1845/5573/10114/868/54206/7128/1843/51763/26191/51347/10253/1847/5925/3480/9711/84959/55450/1353/5598/2167/7026/8660/64853/4771/11261/2764/104/200734",36
"GO:0045860","GO:0045860","positive regulation of protein kinase activity","58/1294","458/16672",0.000145199449276181,0.0116118584559884,0.00991241669949763,"5577/5310/8491/5606/5663/55437/3717/4616/28984/51422/1326/5573/54757/23531/1432/896/5159/11235/2043/5311/2185/5290/9217/3306/5894/5562/51347/29969/10253/7057/1847/3491/5899/6868/2180/143384/65018/7855/7048/57018/51704/1398/5604/11214/3952/8322/8325/5781/1435/4217/1902/801/805/4215/2013/3672/283/81669",58
"GO:0031032","GO:0031032","actomyosin structure organization","26/1294","155/16672",0.000148244638449482,0.0116118584559884,0.00991241669949763,"8837/1265/6093/4205/9948/55604/10580/28984/5573/6722/5159/2185/23363/51763/9475/5156/5879/5295/7791/25802/11214/51778/71/4771/1902/2475",26
"GO:0030198","GO:0030198","extracellular matrix organization","45/1294","330/16672",0.000149951990323136,0.0116118584559884,0.00991241669949763,"823/23187/2824/3909/3918/1301/8516/50509/1286/9509/3912/1471/28984/4324/83716/1311/10049/8985/1294/4811/4327/1284/3915/4316/7057/2201/10516/5045/3491/8515/54507/2934/11096/4643/323/10653/1285/10855/285590/302/1282/3908/1290/3672/342371",45
"GO:0032878","GO:0032878","regulation of establishment or maintenance of cell polarity","8/1294","22/16672",0.000153568420902172,0.0116118584559884,0.00991241669949763,"6093/23189/2185/5908/2319/9475/2934/10193",8
"GO:0034446","GO:0034446","substrate adhesion-dependent cell spreading","17/1294","82/16672",0.000155131644163323,0.0116118584559884,0.00991241669949763,"10979/8516/55604/3912/23189/11149/81/3915/5879/80005/1398/5881/79834/8322/91663/2316/55742",17
"GO:2000377","GO:2000377","regulation of reactive oxygen species metabolic process","25/1294","147/16672",0.000157706438150346,0.0116118584559884,0.00991241669949763,"3717/3091/857/1432/5159/2309/5311/2185/55829/2643/5879/7057/10516/185/2308/55022/23576/7498/65018/7048/5806/6774/3952/10193/2475",25
"GO:0031329","GO:0031329","regulation of cellular catabolic process","49/1294","370/16672",0.000160506976794859,0.0116118584559884,0.00991241669949763,"5976/5310/51099/9604/7133/11345/9709/5663/5705/5714/3091/1471/9097/5713/857/152503/1075/1374/7128/2185/79016/10197/5562/29979/79899/255488/55212/5045/5686/7110/85409/154214/2768/678/9337/7079/65018/9529/5598/3667/5499/257364/57104/302/3297/8660/340719/2475/5500",49
"GO:0030099","GO:0030099","myeloid cell differentiation","45/1294","331/16672",0.000160835339519152,0.0116118584559884,0.00991241669949763,"9855/9846/28996/865/10272/5663/28962/3717/3091/4792/7704/4891/1432/6722/604/2309/2185/3624/55509/80762/5468/79577/91/4609/5925/5295/84959/861/139716/7048/54861/3148/836/51621/84522/5293/6777/3952/56975/5781/169200/10193/302/1435/2475",45
"GO:0043062","GO:0043062","extracellular structure organization","45/1294","331/16672",0.000160835339519152,0.0116118584559884,0.00991241669949763,"823/23187/2824/3909/3918/1301/8516/50509/1286/9509/3912/1471/28984/4324/83716/1311/10049/8985/1294/4811/4327/1284/3915/4316/7057/2201/10516/5045/3491/8515/54507/2934/11096/4643/323/10653/1285/10855/285590/302/1282/3908/1290/3672/342371",45
"GO:0001503","GO:0001503","ossification","48/1294","361/16672",0.000169396365090443,0.0120600801035224,0.0102950393228212,"2824/1301/51564/865/10272/58476/3091/91851/54928/23560/57003/7704/1432/4209/2185/847/4958/54795/22800/3295/6272/658/2201/3491/1836/6781/861/3570/9249/91461/5364/9188/7171/8313/23051/3952/56975/169200/359845/9241/5587/1435/79633/9260/5167/1290/1052/117581",48
"GO:0015758","GO:0015758","glucose transport","25/1294","148/16672",0.000176049865461529,0.012235753214033,0.0104450019735785,"79602/8218/81929/10762/10580/9688/51422/1432/8013/10776/55829/5562/51763/6272/5295/114134/55022/28999/252983/3667/3952/5781/8660/81031/5167",25
"GO:0032885","GO:0032885","regulation of polysaccharide biosynthetic process","10/1294","34/16672",0.000178568085591852,0.012235753214033,0.0104450019735785,"10580/55829/51763/3667/5499/8660/160/5167/2475/5500",10
"GO:0044272","GO:0044272","sulfur compound biosynthetic process","31/1294","201/16672",0.000179024871449956,0.012235753214033,0.0104450019735785,"2730/27430/51660/64834/2687/23417/2639/23169/1491/10965/9469/23597/262/9953/4958/4357/11046/9394/26035/56548/26229/1737/2180/84532/1836/875/9200/57546/641371/337876/201562",31
"GO:0008286","GO:0008286","insulin receptor signaling pathway","21/1294","115/16672",0.000187619043375713,0.0122653660265648,0.0104702808329938,"2844/10580/858/23189/5290/529/5791/51763/3480/5295/1979/2308/55022/51094/252983/3667/5970/3952/23545/8660/5167",21
"GO:1900076","GO:1900076","regulation of cellular response to insulin stimulus","14/1294","61/16672",0.000189104348579208,0.0122653660265648,0.0104702808329938,"2844/23189/5791/5562/51763/5295/55022/51094/3667/5970/3952/5781/5167/4641",14
"GO:0072593","GO:0072593","reactive oxygen species metabolic process","34/1294","229/16672",0.000189325217438583,0.0122653660265648,0.0104702808329938,"4129/6095/3717/3091/857/1432/5159/9588/2309/5311/2185/847/55829/2643/5879/7057/2644/316/10516/3491/185/2308/55022/23576/7498/65018/7048/5806/6774/3952/285590/10193/2475/2878",34
"GO:0032273","GO:0032273","positive regulation of protein polymerization","20/1294","107/16672",0.000190928522664498,0.0122653660265648,0.0104702808329938,"55604/8936/10096/2185/7408/5879/10097/375/2934/123720/65018/10092/10602/25802/11076/57175/2764/4641/2475/10093",20
"GO:0035335","GO:0035335","peptidyl-tyrosine dephosphorylation","19/1294","99/16672",0.000191422021483649,0.0122653660265648,0.0104702808329938,"9108/26469/8555/1845/9829/1843/5782/5791/26191/1847/85464/5793/84959/138639/54935/64419/5780/5781/8073",19
"GO:0007160","GO:0007160","cell-matrix adhesion","30/1294","193/16672",0.000196372263544272,0.01242721262874,0.010608440540007,"5310/7414/2824/6093/10979/8516/50509/10580/6722/604/4811/2185/9475/5879/7057/8499/94/10516/8515/8394/5295/123720/1896/7791/1613/10855/1435/4771/2013/3672",30
"GO:0009894","GO:0009894","regulation of catabolic process","61/1294","494/16672",0.000199397842618617,0.0124647968446711,0.0106405241561693,"5976/5310/51099/9604/7133/11345/9709/5663/5705/11213/5714/3091/1471/9097/5713/857/51422/152503/1075/1374/7128/2185/79016/10197/80762/5562/29979/79899/255488/55212/5045/85407/5686/7110/85409/154214/2768/2308/678/9337/7079/65018/25976/9529/5598/83547/6774/3667/5499/5970/257364/57104/55432/302/3297/8660/340719/2316/2475/51465/5500",61
"GO:0050817","GO:0050817","coagulation","47/1294","354/16672",0.000204037447095111,0.0125024995976612,0.0106727089610197,"5577/928/7414/60/55604/5663/3717/3705/10627/160851/857/3315/5573/11234/2054/6722/5290/3709/2159/7103/5894/5156/5879/7094/7225/7057/388/5295/2768/84959/10630/134957/8323/79803/3660/29071/10855/114897/5781/302/18/71/23764/2316/5336/7975/81606",47
"GO:0061572","GO:0061572","actin filament bundle organization","22/1294","124/16672",0.000205483635013687,0.0125024995976612,0.0106727089610197,"6093/55604/10580/28984/4739/6722/2185/81/51763/23075/9475/5879/5295/2059/7791/171024/57175/5074/359845/4771/1902/2475",22
"GO:0030838","GO:0030838","positive regulation of actin filament polymerization","18/1294","92/16672",0.000217529596194626,0.0125024995976612,0.0106727089610197,"55604/8936/10096/2185/7408/5879/10097/375/2934/123720/10092/10602/25802/57175/2764/4641/2475/10093",18
"GO:0032963","GO:0032963","collagen metabolic process","20/1294","108/16672",0.000217530345151057,0.0125024995976612,0.0106727089610197,"1301/9697/50509/1286/9509/3091/1471/28984/4324/5159/1294/54206/4327/5468/1284/4316/5045/1285/1282/1290",20
"GO:0006790","GO:0006790","sulfur compound metabolic process","47/1294","355/16672",0.000217942871166382,0.0125024995976612,0.0106727089610197,"10157/2730/27430/51660/64834/2687/4522/23417/54928/2936/2639/23169/1491/10560/10965/9469/23597/262/9953/6776/4958/4357/11046/9645/3295/81689/64780/80704/9394/58472/26035/56548/26229/1737/2180/84532/1836/875/9200/57546/10855/6777/641371/5167/84188/337876/201562",47
"GO:0008645","GO:0008645","hexose transport","25/1294","150/16672",0.000218505007229891,0.0125024995976612,0.0106727089610197,"79602/8218/81929/10762/10580/9688/51422/1432/8013/10776/55829/5562/51763/6272/5295/114134/55022/28999/252983/3667/3952/5781/8660/81031/5167",25
"GO:0015749","GO:0015749","monosaccharide transport","25/1294","150/16672",0.000218505007229891,0.0125024995976612,0.0106727089610197,"79602/8218/81929/10762/10580/9688/51422/1432/8013/10776/55829/5562/51763/6272/5295/114134/55022/28999/252983/3667/3952/5781/8660/81031/5167",25
"GO:0010035","GO:0010035","response to inorganic substance","57/1294","455/16672",0.00021951325864017,0.0125024995976612,0.0106727089610197,"928/5536/4205/10235/4129/10272/8895/1471/9688/5516/857/4891/5159/11235/8604/7128/2309/5311/8013/85365/1843/2185/847/4502/2643/5562/241/3939/7225/7057/10516/4864/388/890/2796/2308/65018/836/23514/55503/1528/5598/25932/4493/2167/2861/5970/5074/18/3297/4501/4217/955/801/805/4499/6494",57
"GO:1900407","GO:1900407","regulation of cellular response to oxidative stress","14/1294","62/16672",0.000227047523808562,0.0127895121653043,0.0109177160956876,"3091/9688/3315/2309/8013/2643/29979/10516/4170/65018/9529/5598/2861/5074",14
"GO:0003382","GO:0003382","epithelial cell morphogenesis","9/1294","29/16672",0.000239245061588628,0.0132162571044177,0.0112820052124493,"6093/8985/23022/5879/196383/6781/10653/25932/57493",9
"GO:0007266","GO:0007266","Rho protein signal transduction","25/1294","151/16672",0.000242950680336182,0.0132162571044177,0.0112820052124493,"9855/6093/6655/23189/9828/5159/604/5894/9475/5879/9411/121512/396/388/185/2768/10602/11214/1072/23365/1902/6453/1147/64283/115557",25
"GO:0007044","GO:0007044","cell-substrate junction assembly","17/1294","85/16672",0.000244994806913607,0.0132162571044177,0.0112820052124493,"2824/3909/3918/6093/10979/10580/2185/9475/3915/5879/7094/7057/94/8394/123720/1613/5339",17
"GO:0008356","GO:0008356","asymmetric cell division","7/1294","18/16672",0.000247514764343367,0.0132162571044177,0.0112820052124493,"7005/7704/10096/6660/10097/3622/2119",7
"GO:0035357","GO:0035357","peroxisome proliferator activated receptor signaling pathway","7/1294","18/16672",0.000247514764343367,0.0132162571044177,0.0112820052124493,"55885/81/5468/10370/171023/3952/247",7
"GO:0030041","GO:0030041","actin filament polymerization","26/1294","160/16672",0.000250278061591336,0.0132260344713112,0.0112903516227366,"55604/3717/23189/8936/10096/2185/7408/10810/5879/10097/375/2934/2059/123720/10092/10602/25802/57175/91663/2764/4641/89848/51734/2475/283/10093",26
"GO:0006914","GO:0006914","autophagy","54/1294","428/16672",0.000266423865604418,0.0139355993376352,0.0118960688433681,"823/11345/23604/81671/55062/7251/23032/58476/5663/9706/10059/27131/51100/29801/3091/84557/8406/57617/3315/6009/51422/23673/9525/55201/529/5562/27183/26191/29979/10241/7009/4864/27/4170/5899/9711/92140/2308/137492/26100/65018/219931/7855/64419/836/1613/5049/3952/10193/340371/23545/9895/2475/79065",54
"GO:0051258","GO:0051258","protein polymerization","34/1294","234/16672",0.000286534095510702,0.0148360987231097,0.0126647765554278,"10048/55604/10059/3717/22919/23189/8936/10096/2185/24139/7408/10810/5879/10097/375/2934/2059/123720/65018/10092/10602/25802/7417/81565/11076/57175/91663/2764/4641/89848/51734/2475/283/10093",34
"GO:0007596","GO:0007596","blood coagulation","46/1294","350/16672",0.000298929641773385,0.0153231334373037,0.0130805317984417,"5577/928/7414/60/55604/3717/3705/10627/160851/857/3315/5573/11234/2054/6722/5290/3709/2159/7103/5894/5156/5879/7094/7225/7057/388/5295/2768/84959/10630/134957/8323/79803/3660/29071/10855/114897/5781/302/18/71/23764/2316/5336/7975/81606",46
"GO:0038084","GO:0038084","vascular endothelial growth factor signaling pathway","8/1294","24/16672",0.000307029913513349,0.0155825280858359,0.0133019630065137,"3315/5159/8828/5156/7498/147372/5587/4641",8
"GO:0006900","GO:0006900","membrane budding","19/1294","103/16672",0.000326037692319921,0.016384992263058,0.013986983353704,"7251/10175/9218/8775/1075/1294/64689/9525/9217/27183/10113/10427/375/2890/137492/7109/83547/302/23243",19
"GO:0008064","GO:0008064","regulation of actin polymerization or depolymerization","26/1294","163/16672",0.000337777949600124,0.0167382674994379,0.0142885553514925,"9948/55604/23189/8936/10096/2185/7408/11034/23075/5879/10097/85464/375/2934/2059/123720/10092/10602/25802/57175/91663/2764/4641/89848/2475/10093",26
"GO:0032271","GO:0032271","regulation of protein polymerization","27/1294","172/16672",0.000341272566790812,0.0167382674994379,0.0142885553514925,"55604/22919/23189/8936/10096/2185/24139/7408/5879/10097/375/2934/2059/123720/65018/10092/10602/25802/7417/11076/57175/91663/2764/4641/89848/2475/10093",27
"GO:0051017","GO:0051017","actin filament bundle assembly","21/1294","120/16672",0.000344517654359913,0.0167382674994379,0.0142885553514925,"6093/55604/10580/28984/4739/6722/2185/81/51763/23075/9475/5879/5295/2059/7791/171024/57175/5074/4771/1902/2475",21
"GO:0006469","GO:0006469","negative regulation of protein kinase activity","33/1294","227/16672",0.000346128824607962,0.0167382674994379,0.0142885553514925,"5577/5663/11213/4616/5611/857/3315/51422/1845/5573/10114/868/54206/7128/1843/51763/26191/51347/10253/1847/5925/3480/84959/55450/5598/2167/7026/64853/4771/11261/2764/104/200734",33
"GO:0006109","GO:0006109","regulation of carbohydrate metabolic process","24/1294","146/16672",0.000357419287081873,0.0169641783850155,0.014481403278746,"6095/10580/3091/23417/51422/2185/57486/10776/55829/5562/51763/2308/51094/1353/6774/3667/5499/114897/3952/8660/160/5167/2475/5500",24
"GO:0043409","GO:0043409","negative regulation of MAPK cascade","24/1294","146/16672",0.000357419287081873,0.0169641783850155,0.014481403278746,"10048/55885/11213/857/1845/10114/54206/1843/51763/26191/51347/10253/4609/1847/3480/10318/2308/65018/467/5598/5187/64853/4771/200734",24
"GO:0030832","GO:0030832","regulation of actin filament length","26/1294","164/16672",0.000372420876901736,0.0175140313302596,0.0149507830543749,"9948/55604/23189/8936/10096/2185/7408/11034/23075/5879/10097/85464/375/2934/2059/123720/10092/10602/25802/57175/91663/2764/4641/89848/2475/10093",26
"GO:0046321","GO:0046321","positive regulation of fatty acid oxidation","6/1294","14/16672",0.000376461425851988,0.0175431024447027,0.0149755994953753,"23417/1374/8013/5468/3667/8660",6
"GO:0051493","GO:0051493","regulation of cytoskeleton organization","51/1294","404/16672",0.000384670537889992,0.0177641547497667,0.015164299914734,"23187/2824/6093/9948/55604/8045/22919/28984/23189/8936/5159/10096/9525/2185/24139/7408/11034/51763/23075/9475/5156/5879/10097/85464/396/27/375/5295/2934/2059/123720/91624/10092/10602/25802/5364/89927/1398/1613/25932/11214/171024/57175/91663/4771/2764/4641/89848/1902/2475/10093",51
"GO:0044259","GO:0044259","multicellular organismal macromolecule metabolic process","20/1294","113/16672",0.000405228447019599,0.0184744924003563,0.0157706768195743,"1301/9697/50509/1286/9509/3091/1471/28984/4324/5159/1294/54206/4327/5468/1284/4316/5045/1285/1282/1290",20
"GO:0007599","GO:0007599","hemostasis","46/1294","355/16672",0.000410851999474427,0.0184744924003563,0.0157706768195743,"5577/928/7414/60/55604/3717/3705/10627/160851/857/3315/5573/11234/2054/6722/5290/3709/2159/7103/5894/5156/5879/7094/7225/7057/388/5295/2768/84959/10630/134957/8323/79803/3660/29071/10855/114897/5781/302/18/71/23764/2316/5336/7975/81606",46
"GO:0010810","GO:0010810","regulation of cell-substrate adhesion","27/1294","174/16672",0.00041193831371136,0.0184744924003563,0.0157706768195743,"2824/6093/55604/3717/23189/604/4811/2185/81/9475/5879/7057/94/3491/5295/80005/6251/6695/1398/1613/5881/8322/91663/1435/4771/2316/2013",27
"GO:0070873","GO:0070873","regulation of glycogen metabolic process","9/1294","31/16672",0.000418072789395499,0.0184744924003563,0.0157706768195743,"10580/55829/51763/3667/5499/8660/5167/2475/5500",9
"GO:1900077","GO:1900077","negative regulation of cellular response to insulin stimulus","9/1294","31/16672",0.000418072789395499,0.0184744924003563,0.0157706768195743,"2844/23189/5791/5562/51763/55022/3667/5970/5167",9
"GO:0007249","GO:0007249","I-kappaB kinase/NF-kappaB signaling","36/1294","258/16672",0.000426462182302957,0.0186183790919086,0.0158935051204518,"8837/5536/6093/6095/57506/4792/9218/3551/3315/10475/1491/7128/57153/80762/9475/10010/5495/23476/10318/92140/1896/65018/79753/51704/79155/11214/5970/56674/54503/5187/5587/7088/2316/1902/4215/1147",36
"GO:0007162","GO:0007162","negative regulation of cell adhesion","31/1294","211/16672",0.000428593197979947,0.0186183790919086,0.0158935051204518,"3717/28984/23189/23560/1845/5573/604/81/80762/23075/26191/7057/94/396/5295/2796/6695/84959/5364/5598/10653/27289/114897/8322/5074/5781/91663/18/4582/4771/6494",31
"GO:0048193","GO:0048193","Golgi vesicle transport","41/1294","307/16672",0.000447402476781599,0.0192721436637183,0.0164515886420266,"381/9265/11345/55062/9117/10175/9218/6102/10671/8775/1075/11021/57222/1294/64689/8934/9217/11070/2159/10749/6272/8774/10228/10113/10427/10066/375/29097/85409/2890/123720/261729/11079/7109/90522/23760/64764/5587/340371/160/23243",41
"GO:0043647","GO:0043647","inositol phosphate metabolic process","14/1294","66/16672",0.000451413174807301,0.0192828661171852,0.0164607418217013,"9108/3632/80271/3705/2185/51763/3613/253430/11163/9807/5336/801/805/11165",14
"GO:0046486","GO:0046486","glycerolipid metabolic process","48/1294","377/16672",0.000464832329794064,0.0195474611017498,0.0166866122759049,"9108/51099/3632/27006/3991/8895/54675/8760/10423/54928/857/1374/10162/5159/847/5290/7376/51763/10955/23175/5156/50640/84803/3613/8394/375/5295/2180/23171/64419/5277/129303/3667/4204/10555/2167/5293/253558/9807/57104/5781/5833/8660/84188/5336/22908/283/23761",48
"GO:0006631","GO:0006631","fatty acid metabolic process","46/1294","357/16672",0.000465234150295256,0.0195474611017498,0.0166866122759049,"5577/79602/51099/64834/3991/2687/23417/2639/857/51422/1374/1432/9444/22937/8013/10965/35/6776/7376/5468/5562/241/3295/23175/50640/2108/8560/1737/2180/55301/84532/51094/10630/221955/9200/10999/3667/57546/6777/3952/247/641371/8660/2475/201562/3995",46
"GO:0043122","GO:0043122","regulation of I-kappaB kinase/NF-kappaB signaling","33/1294","231/16672",0.000476230123472847,0.0198442243091019,0.0169399430053056,"8837/5536/6095/57506/4792/9218/3551/3315/10475/1491/7128/57153/80762/10010/5495/23476/10318/92140/1896/65018/51704/79155/11214/5970/56674/54503/5187/5587/7088/2316/1902/4215/1147",33
"GO:0032881","GO:0032881","regulation of polysaccharide metabolic process","10/1294","38/16672",0.000483911049285552,0.0198442243091019,0.0169399430053056,"10580/55829/51763/3667/5499/8660/160/5167/2475/5500",10
"GO:0035924","GO:0035924","cellular response to vascular endothelial growth factor stimulus","10/1294","38/16672",0.000483911049285552,0.0198442243091019,0.0169399430053056,"3315/1432/5159/8828/3164/5156/7498/147372/5587/4641",10
"GO:0010906","GO:0010906","regulation of glucose metabolic process","18/1294","98/16672",0.000488994318372601,0.0198935307617298,0.0169820332621128,"6095/10580/23417/57486/10776/55829/51763/2308/51094/1353/3667/5499/114897/3952/8660/5167/2475/5500",18
"GO:1901841","GO:1901841","regulation of high voltage-gated calcium channel activity","5/1294","10/16672",0.000505770563231725,0.0203276080574021,0.0173525816158327,"6717/2259/783/801/805",5
"GO:1903201","GO:1903201","regulation of oxidative stress-induced cell death","12/1294","52/16672",0.000507595363118897,0.0203276080574021,0.0173525816158327,"3091/9688/3315/2309/8013/29979/4170/65018/9529/5598/2861/5074",12
"GO:0051348","GO:0051348","negative regulation of transferase activity","44/1294","339/16672",0.000523944639846879,0.0206026701931136,0.0175873873119028,"5577/5663/5705/11213/5714/4616/5611/5713/857/3315/51422/1845/5573/10114/868/54206/7128/1843/10197/5468/51763/26191/51347/84101/10253/1847/5925/3480/5686/9711/84959/55450/9529/1353/5598/2167/7026/8660/64853/4771/11261/2764/104/200734",44
"GO:0044321","GO:0044321","response to leptin","7/1294","20/16672",0.000525218478758937,0.0206026701931136,0.0175873873119028,"8013/890/55022/51094/3625/6774/3952",7
"GO:0030574","GO:0030574","collagen catabolic process","14/1294","67/16672",0.00053054086334198,0.0206026701931136,0.0175873873119028,"1301/50509/1286/9509/1471/4324/1294/4327/1284/4316/5045/1285/1282/1290",14
"GO:1902882","GO:1902882","regulation of response to oxidative stress","14/1294","67/16672",0.00053054086334198,0.0206026701931136,0.0175873873119028,"3091/9688/3315/2309/8013/2643/29979/10516/4170/65018/9529/5598/2861/5074",14
"GO:0032411","GO:0032411","positive regulation of transporter activity","15/1294","75/16672",0.00055716038134902,0.0213825775996256,0.0182531521616616,"2259/23678/6446/5311/3306/81/7225/783/3799/2745/11261/5336/801/805/1756",15
"GO:1901565","GO:1901565","organonitrogen compound catabolic process","45/1294","350/16672",0.000558967108534887,0.0213825775996256,0.0182531521616616,"10157/51071/1890/4129/57704/3161/22978/2239/56922/5625/23464/25939/587/2639/4012/2744/1491/4329/847/4958/4357/7263/6303/64087/2752/316/84909/2746/23576/7498/8659/875/5598/290/10855/11163/6470/18/340562/11261/4128/2760/9583/131870/11165",45
"GO:2000379","GO:2000379","positive regulation of reactive oxygen species metabolic process","16/1294","83/16672",0.000568119141476577,0.0215352409094613,0.0183834725877633,"3717/1432/5159/2309/5311/2185/7057/185/55022/23576/7498/7048/5806/3952/10193/2475",16
"GO:0030258","GO:0030258","lipid modification","36/1294","262/16672",0.000571360273836665,0.0215352409094613,0.0183834725877633,"9108/79602/6646/3632/27006/23417/54928/2639/51422/1374/1432/5159/8013/5290/35/5468/5562/51763/3295/5156/2108/3613/8394/185/5295/51094/129303/3667/5293/3952/9807/5781/55343/8660/2475/22908",36
"GO:0032495","GO:0032495","response to muramyl dipeptide","6/1294","15/16672",0.000586370175833297,0.0219396607395729,0.0187287039641876,"4792/1432/55914/7128/26191/5970",6
"GO:0051495","GO:0051495","positive regulation of cytoskeleton organization","27/1294","178/16672",0.000592857724828513,0.0220216572280504,0.0187986999398332,"9948/55604/28984/8936/10096/9525/2185/7408/11034/23075/9475/5879/10097/375/2934/123720/10092/10602/25802/171024/57175/4771/2764/4641/1902/2475/10093",27
"GO:0050999","GO:0050999","regulation of nitric-oxide synthase activity","11/1294","46/16672",0.000624320438085721,0.0230235004721396,0.0196539194329598,"3091/857/4883/2185/2643/2644/23576/115677/3952/801/805",11
"GO:0005977","GO:0005977","glycogen metabolic process","15/1294","76/16672",0.000645218534301708,0.0236242157630754,0.0201667176473098,"5255/10580/5834/51422/55829/51763/3667/7360/5499/8660/5167/801/805/2475/5500",15
"GO:0035304","GO:0035304","regulation of protein dephosphorylation","16/1294","84/16672",0.000652145297218989,0.023708487897479,0.020238656219032,"4659/6093/9891/3717/3551/5159/10776/23075/9475/65018/26012/94274/23141/801/805/3672",16
"GO:0045444","GO:0045444","fat cell differentiation","29/1294","198/16672",0.000679984275273965,0.0245464746130587,0.0209540002395394,"55885/6095/688/7704/1432/26268/8013/4329/3164/79689/54795/5468/406/6272/55212/2308/678/2487/3625/2167/171023/3952/285590/169200/83862/5167/2475/2869/1052",29
"GO:0015980","GO:0015980","energy derivation by oxidation of organic compounds","35/1294","255/16672",0.00069012373707694,0.0247382816521426,0.0211177355541321,"7384/5255/10580/3091/5834/51422/8604/8013/847/5290/9945/55829/51763/9238/4609/2108/114789/1737/55022/65018/1353/3667/4204/7360/5499/3952/55526/3418/8660/5167/801/805/2475/5500/60493",35
"GO:0008654","GO:0008654","phospholipid biosynthetic process","31/1294","217/16672",0.000695985451141021,0.0247751487677005,0.0211492070204183,"9108/51099/27006/8895/54675/8760/10423/10162/5290/79644/51763/23175/84803/8394/375/5295/142891/64419/166929/5277/3667/10555/5293/253558/5781/5833/8660/84188/5336/22908/23761",31
"GO:0001706","GO:0001706","endoderm formation","12/1294","54/16672",0.000730300031265032,0.0257687890438043,0.0219974240826118,"3909/1301/3912/4324/1294/1843/3624/79577/1284/1847/9241/1290",12
"GO:0001936","GO:0001936","regulation of endothelial cell proliferation","17/1294","93/16672",0.000733953023877375,0.0257687890438043,0.0219974240826118,"3091/28984/858/857/11235/8828/3164/6776/7057/94/7498/3148/3952/5587/7026/2475/283",17
"GO:0006073","GO:0006073","cellular glucan metabolic process","15/1294","77/16672",0.000744842026347011,0.0257977042368566,0.0220221074219383,"5255/10580/5834/51422/55829/51763/3667/7360/5499/8660/5167/801/805/2475/5500",15
"GO:0044042","GO:0044042","glucan metabolic process","15/1294","77/16672",0.000744842026347011,0.0257977042368566,0.0220221074219383,"5255/10580/5834/51422/55829/51763/3667/7360/5499/8660/5167/801/805/2475/5500",15
"GO:0045216","GO:0045216","cell-cell junction organization","31/1294","218/16672",0.00075254182365111,0.0258894589801046,0.0221004334928835,"928/7414/2824/51564/6093/9948/55679/10979/10580/3551/857/6722/2185/11228/5819/81/9475/5879/7094/7057/94/8394/92140/123720/7855/1613/57493/1002/4771/4641/283",31
"GO:0045010","GO:0045010","actin nucleation","11/1294","47/16672",0.000758718162365235,0.0259279286685613,0.0221332729891388,"8936/10096/10097/375/2934/123720/10092/25802/57175/2764/10093",11
"GO:0006650","GO:0006650","glycerophospholipid metabolic process","37/1294","276/16672",0.000772370694666116,0.0262196833169438,0.0223823281821335,"9108/3632/27006/8895/54675/8760/10423/54928/10162/5159/5290/51763/10955/23175/5156/50640/84803/3613/8394/375/5295/64419/5277/129303/3667/4204/10555/5293/253558/9807/5781/5833/8660/84188/5336/22908/23761",37
"GO:0046474","GO:0046474","glycerophospholipid biosynthetic process","26/1294","173/16672",0.000853944825216277,0.028556742810808,0.0243773497062506,"9108/27006/8895/54675/8760/10423/5290/51763/23175/84803/8394/375/5295/64419/5277/3667/10555/5293/253558/5781/5833/8660/84188/5336/22908/23761",26
"GO:0070431","GO:0070431","nucleotide-binding oligomerization domain containing 2 signaling pathway","5/1294","11/16672",0.00086807556373111,0.028556742810808,0.0243773497062506,"4792/55914/7128/26191/5970",5
"GO:0030239","GO:0030239","myofibril assembly","12/1294","55/16672",0.000869161041706706,0.028556742810808,0.0243773497062506,"8837/4205/9948/5573/6722/5159/23363/5156/25802/11214/51778/71",12
"GO:0010829","GO:0010829","negative regulation of glucose transport","6/1294","16/16672",0.000876886557396254,0.028556742810808,0.0243773497062506,"55829/5562/51763/55022/3952/5167",6
"GO:0032516","GO:0032516","positive regulation of phosphoprotein phosphatase activity","6/1294","16/16672",0.000876886557396254,0.028556742810808,0.0243773497062506,"4659/3717/5159/801/805/3672",6
"GO:0034138","GO:0034138","toll-like receptor 3 signaling pathway","6/1294","16/16672",0.000876886557396254,0.028556742810808,0.0243773497062506,"857/81622/7128/26191/29979/79155",6
"GO:0035307","GO:0035307","positive regulation of protein dephosphorylation","9/1294","34/16672",0.000880211737047924,0.028556742810808,0.0243773497062506,"4659/3717/5159/65018/26012/23141/801/805/3672",9
"GO:0043405","GO:0043405","regulation of MAP kinase activity","41/1294","318/16672",0.000910853030799809,0.0293649851313196,0.025067302542435,"8491/5606/7251/5663/11213/3717/4616/857/1326/1845/10114/1432/5159/11235/2043/1843/2185/5894/5562/51763/26191/51347/29969/10253/7057/1847/3480/7855/5598/1398/5604/11214/8322/8325/5781/64853/4217/1902/200734/4215/3672",41
"GO:0044236","GO:0044236","multicellular organism metabolic process","21/1294","129/16672",0.000924745217962517,0.0296265249204741,0.0252905649412512,"1301/9697/50509/1286/9509/3091/1471/28984/4324/5159/1294/54206/4327/5468/1284/4316/5045/25976/1285/1282/1290",21
"GO:2001242","GO:2001242","regulation of intrinsic apoptotic signaling pathway","23/1294","147/16672",0.000950853045268291,0.0299424067462817,0.0255602162031117,"23604/9709/8531/10059/3091/857/3315/5414/599/55829/10955/29979/7009/4170/138151/65018/84447/7417/9529/5598/3622/55031/4582",23
"GO:0006936","GO:0006936","muscle contraction","41/1294","319/16672",0.000968949784300142,0.0299424067462817,0.0255602162031117,"8735/7414/6093/6717/4637/10580/10627/1760/857/59/6722/103910/5290/800/54795/9475/6332/7094/7170/80005/23171/6781/219931/476/25802/783/7171/1613/2668/147/488/18/3768/309/7169/801/805/2475/1756/1147/3672",41
"GO:0001570","GO:0001570","vasculogenesis","14/1294","71/16672",0.000975360870198934,0.0299424067462817,0.0255602162031117,"51564/857/9444/5159/10413/133/4643/7498/7048/25976/55273/57493/8322/2013",14
"GO:0090130","GO:0090130","tissue migration","32/1294","231/16672",0.00097945075484674,0.0299424067462817,0.0255602162031117,"51564/3091/28984/9688/3315/59/10014/6722/11235/8828/2185/5290/3164/6776/14/90627/9475/7057/94/388/5793/80005/6781/51094/7048/57175/5781/147372/5587/7026/340719/2013",32
"GO:0034976","GO:0034976","response to endoplasmic reticulum stress","35/1294","260/16672",0.000980861245304341,0.0299424067462817,0.0255602162031117,"9709/55062/5705/9097/8406/5611/5516/857/57003/550/80267/1491/9217/116138/55829/10955/29979/1861/79139/7094/7057/10113/121506/7009/5295/51061/84447/467/201595/488/55432/64764/55666/4217/51465",35
"GO:0030970","GO:0030970","retrograde protein transport, ER to cytosol","8/1294","28/16672",0.000981335219152423,0.0299424067462817,0.0255602162031117,"9709/550/55829/79139/84447/55432/55666/51465",8
"GO:0046320","GO:0046320","regulation of fatty acid oxidation","8/1294","28/16672",0.000981335219152423,0.0299424067462817,0.0255602162031117,"23417/51422/1374/8013/5468/3667/8660/2475",8
"GO:1903513","GO:1903513","endoplasmic reticulum to cytosol transport","8/1294","28/16672",0.000981335219152423,0.0299424067462817,0.0255602162031117,"9709/550/55829/79139/84447/55432/55666/51465",8
"GO:0070085","GO:0070085","glycosylation","37/1294","280/16672",0.00100967018071394,0.0306246706884004,0.0261426280985852,"5663/51809/4121/64689/66008/80267/85365/11070/79644/53947/117248/4245/55858/11173/7057/4864/54507/26229/11096/286148/30815/84447/8707/285203/201595/25976/55568/29071/51301/79147/55343/4582/11261/2526/170384/51465/8705",37
"GO:0010631","GO:0010631","epithelial cell migration","31/1294","222/16672",0.00102107036757849,0.0307882747306314,0.026282288037299,"51564/3091/28984/9688/3315/10014/6722/11235/8828/2185/5290/3164/6776/14/90627/9475/7057/94/388/5793/80005/6781/51094/7048/57175/5781/147372/5587/7026/340719/2013",31
"GO:1901342","GO:1901342","regulation of vasculature development","32/1294","232/16672",0.00105378575601332,0.0314488737928348,0.026846205794364,"51564/28996/6093/3091/28984/3315/10014/11235/1491/7128/2185/6237/90627/694/9475/1284/7057/94/388/92140/133/23576/7498/861/7048/55273/5598/1285/3952/147372/5587/2013",32
"GO:0006486","GO:0006486","protein glycosylation","36/1294","271/16672",0.00106611338354206,0.0314488737928348,0.026846205794364,"5663/51809/4121/64689/66008/80267/85365/11070/79644/53947/117248/4245/55858/11173/7057/4864/54507/26229/11096/286148/30815/84447/8707/285203/201595/25976/55568/29071/51301/79147/4582/11261/2526/170384/51465/8705",36
"GO:0043413","GO:0043413","macromolecule glycosylation","36/1294","271/16672",0.00106611338354206,0.0314488737928348,0.026846205794364,"5663/51809/4121/64689/66008/80267/85365/11070/79644/53947/117248/4245/55858/11173/7057/4864/54507/26229/11096/286148/30815/84447/8707/285203/201595/25976/55568/29071/51301/79147/4582/11261/2526/170384/51465/8705",36
"GO:0010594","GO:0010594","regulation of endothelial cell migration","19/1294","113/16672",0.00106843065333447,0.0314488737928348,0.026846205794364,"51564/28984/3315/10014/11235/8828/2185/6776/14/90627/9475/7057/94/388/6781/147372/5587/7026/2013",19
"GO:0035384","GO:0035384","thioester biosynthetic process","13/1294","64/16672",0.00109661440941676,0.0314488737928348,0.026846205794364,"51660/64834/23417/2639/10965/23597/1737/2180/84532/9200/57546/641371/201562",13
"GO:0061035","GO:0061035","regulation of cartilage development","13/1294","64/16672",0.00109661440941676,0.0314488737928348,0.026846205794364,"7704/6660/11173/658/94/3491/91461/2487/8313/5970/3952/359845/9241",13
"GO:0071616","GO:0071616","acyl-CoA biosynthetic process","13/1294","64/16672",0.00109661440941676,0.0314488737928348,0.026846205794364,"51660/64834/23417/2639/10965/23597/1737/2180/84532/9200/57546/641371/201562",13
"GO:0045017","GO:0045017","glycerolipid biosynthetic process","29/1294","204/16672",0.00110105337790674,0.0314488737928348,0.026846205794364,"9108/27006/8895/54675/8760/10423/5290/7376/51763/23175/84803/8394/375/5295/23171/64419/5277/3667/10555/5293/253558/5781/5833/8660/84188/5336/22908/283/23761",29
"GO:0036503","GO:0036503","ERAD pathway","16/1294","88/16672",0.00110257326140086,0.0314488737928348,0.026846205794364,"9709/5705/9097/857/57003/550/80267/55829/29979/1861/79139/84447/201595/55432/55666/51465",16
"GO:0010765","GO:0010765","positive regulation of sodium ion transport","9/1294","35/16672",0.00110433033217134,0.0314488737928348,0.026846205794364,"23678/6446/81/375/23171/3799/2745/11261/1756",9
"GO:0019751","GO:0019751","polyol metabolic process","18/1294","105/16672",0.00113663674727754,0.0321900550637827,0.0274789122328161,"9108/3632/55331/80271/3705/54928/2185/51763/3613/253430/4204/11163/3952/9807/5336/801/805/11165",18
"GO:0019395","GO:0019395","fatty acid oxidation","17/1294","97/16672",0.00119836847715894,0.0334989825598584,0.0285962729739679,"79602/23417/2639/51422/1374/1432/8013/35/5468/5562/3295/2108/51094/3667/3952/8660/2475",17
"GO:0030148","GO:0030148","sphingolipid biosynthetic process","17/1294","97/16672",0.00119836847715894,0.0334989825598584,0.0285962729739679,"64834/55331/9218/2531/9217/53947/94101/5562/91012/3491/8560/142891/30815/166929/253782/5587/201562",17
"GO:0030278","GO:0030278","regulation of ossification","26/1294","177/16672",0.0012024605522852,0.0334989825598584,0.0285962729739679,"2824/51564/3091/7704/1432/2185/4958/54795/658/2201/3491/3570/9249/91461/8313/23051/56975/169200/359845/9241/5587/1435/9260/5167/1052/117581",26
"GO:0032768","GO:0032768","regulation of monooxygenase activity","12/1294","57/16672",0.00121330700608635,0.0336184416929655,0.0286982487869186,"3091/857/4883/2185/2643/2644/23576/115677/2668/3952/801/805",12
"GO:0010675","GO:0010675","regulation of cellular carbohydrate metabolic process","20/1294","123/16672",0.00122810477780012,0.0338455112419539,0.0288920858025756,"6095/10580/23417/2185/57486/10776/55829/51763/2308/51094/1353/6774/3667/5499/114897/3952/8660/5167/2475/5500",20
"GO:0046627","GO:0046627","negative regulation of insulin receptor signaling pathway","8/1294","29/16672",0.00126403623155768,0.0343721790471532,0.0293416736757944,"2844/23189/5791/51763/55022/3667/5970/5167",8
"GO:0010888","GO:0010888","negative regulation of lipid storage","6/1294","17/16672",0.00126677877221238,0.0343721790471532,0.0293416736757944,"51099/4792/7376/5468/3952/57104",6
"GO:0005976","GO:0005976","polysaccharide metabolic process","18/1294","106/16672",0.00127193621631806,0.0343721790471532,0.0293416736757944,"5255/54187/10580/5834/51422/55829/51763/56548/3667/7360/5499/8660/160/5167/801/805/2475/5500",18
"GO:0090132","GO:0090132","epithelium migration","31/1294","225/16672",0.00127403706963697,0.0343721790471532,0.0293416736757944,"51564/3091/28984/9688/3315/10014/6722/11235/8828/2185/5290/3164/6776/14/90627/9475/7057/94/388/5793/80005/6781/51094/7048/57175/5781/147372/5587/7026/340719/2013",31
"GO:0043534","GO:0043534","blood vessel endothelial cell migration","14/1294","73/16672",0.00129544851669092,0.0346886950024201,0.0296118662597409,"51564/28984/3315/10014/6722/11235/2185/3164/6776/90627/7057/94/5587/2013",14
"GO:0019216","GO:0019216","regulation of lipid metabolic process","36/1294","274/16672",0.0012993034413704,0.0346886950024201,0.0296118662597409,"51099/6095/10580/23417/5934/857/51422/1374/5159/22937/8013/2185/94101/7376/5468/5562/5156/5879/5925/3491/375/185/9711/5295/1737/142891/51094/476/3667/57546/6777/3952/57104/8660/2475/12",36
"GO:0030511","GO:0030511","positive regulation of transforming growth factor beta receptor signaling pathway","7/1294","23/16672",0.00135143234924468,0.0355253447293756,0.030326068965237,"28996/8516/7057/7041/6868/10370/3622",7
"GO:0045648","GO:0045648","positive regulation of erythrocyte differentiation","7/1294","23/16672",0.00135143234924468,0.0355253447293756,0.030326068965237,"3091/1432/2309/3624/91/3148/6777",7
"GO:1903846","GO:1903846","positive regulation of cellular response to transforming growth factor beta stimulus","7/1294","23/16672",0.00135143234924468,0.0355253447293756,0.030326068965237,"28996/8516/7057/7041/6868/10370/3622",7
"GO:0071396","GO:0071396","cellular response to lipid","57/1294","490/16672",0.00136722925932272,0.0355342617873415,0.0303336809762365,"5976/5536/57658/9604/7133/55885/639/6095/3717/4792/4793/10014/1374/1432/57088/54206/7128/2309/687/8013/2185/3624/3164/8202/2002/7376/55829/5468/406/26191/9475/79577/10413/5925/7041/4864/27/890/6502/92140/2308/678/55022/114907/6781/476/3148/79155/11214/5970/3952/8322/5187/9282/3297/7026/1902",57
"GO:0045926","GO:0045926","negative regulation of growth","31/1294","226/16672",0.00136967749171371,0.0355342617873415,0.0303336809762365,"79602/2273/79960/9706/5641/3091/58189/604/3624/4502/5468/23111/694/91/84260/94/85407/10500/51094/2487/7048/323/4493/51379/247/9241/4501/123879/5167/4499/6494",31
"GO:0015807","GO:0015807","L-amino acid transport","10/1294","43/16672",0.00137555542314083,0.0355342617873415,0.0303336809762365,"5663/23428/9057/6510/81539/8604/206358/10955/10550/120103",10
"GO:0006069","GO:0006069","ethanol oxidation","5/1294","12/16672",0.00139336453750598,0.0355342617873415,0.0303336809762365,"219/84532/130/125/126",5
"GO:0035358","GO:0035358","regulation of peroxisome proliferator activated receptor signaling pathway","5/1294","12/16672",0.00139336453750598,0.0355342617873415,0.0303336809762365,"55885/10370/171023/3952/247",5
"GO:0071545","GO:0071545","inositol phosphate catabolic process","5/1294","12/16672",0.00139336453750598,0.0355342617873415,0.0303336809762365,"9108/3632/51763/3613/11165",5
"GO:0043255","GO:0043255","regulation of carbohydrate biosynthetic process","15/1294","82/16672",0.00146100301194709,0.0370011976882608,0.0315859249625439,"10580/2185/57486/10776/55829/51763/2308/3667/5499/3952/8660/160/5167/2475/5500",15
"GO:0044723","GO:0044723","single-organism carbohydrate metabolic process","52/1294","439/16672",0.00146795821863668,0.0370011976882608,0.0315859249625439,"9108/5255/3632/6095/54187/10580/3091/5834/23417/54928/51422/1374/4121/1432/8604/80267/2185/5290/57486/10776/55829/5562/51763/3939/3613/1737/2308/51094/30815/8707/467/283310/1353/6774/3667/4204/51181/7360/5499/114897/3952/55526/3418/8660/2526/2760/160/5167/801/805/2475/5500",52
"GO:0032414","GO:0032414","positive regulation of ion transmembrane transporter activity","13/1294","66/16672",0.00147716992407107,0.0370011976882608,0.0315859249625439,"2259/5311/3306/81/7225/783/3799/2745/11261/5336/801/805/1756",13
"GO:0044243","GO:0044243","multicellular organism catabolic process","14/1294","74/16672",0.0014858225796605,0.0370011976882608,0.0315859249625439,"1301/50509/1286/9509/1471/4324/1294/4327/1284/4316/5045/1285/1282/1290",14
"GO:0002064","GO:0002064","epithelial cell development","27/1294","189/16672",0.00149120214273766,0.0370011976882608,0.0315859249625439,"639/6093/3091/1471/688/9688/3551/8985/6009/59/9414/5908/23022/406/3295/9475/5879/10427/54507/51092/196383/4643/6781/10653/25932/57493/91663",27
"GO:0030336","GO:0030336","negative regulation of cell migration","29/1294","208/16672",0.00149419584890167,0.0370011976882608,0.0315859249625439,"7414/28984/23189/23560/10014/6722/11235/6237/90627/7057/1588/94/388/5793/2796/4681/6781/51094/10370/89927/6774/25932/57175/247/10193/9241/7026/4771/104",29
"GO:0043542","GO:0043542","endothelial cell migration","23/1294","152/16672",0.00150658757576435,0.03707081817779,0.0316453562160037,"51564/28984/3315/10014/6722/11235/8828/2185/5290/3164/6776/14/90627/9475/7057/94/388/6781/57175/147372/5587/7026/2013",23
"GO:0034440","GO:0034440","lipid oxidation","17/1294","99/16672",0.00151147112742062,0.03707081817779,0.0316453562160037,"79602/23417/2639/51422/1374/1432/8013/35/5468/5562/3295/2108/51094/3667/3952/8660/2475",17
"GO:0045598","GO:0045598","regulation of fat cell differentiation","18/1294","108/16672",0.00158387127104087,0.0386615435016929,0.0330032725499594,"55885/6095/688/7704/1432/54795/5468/406/6272/2308/678/2487/171023/3952/285590/169200/5167/2475",18
"GO:2001243","GO:2001243","negative regulation of intrinsic apoptotic signaling pathway","16/1294","91/16672",0.00159269145510176,0.0386925895680171,0.0330297749007634,"9709/8531/3091/3315/599/55829/7009/4170/65018/84447/7417/9529/5598/3622/55031/4582",16
"GO:0001937","GO:0001937","negative regulation of endothelial cell proliferation","8/1294","30/16672",0.00160789290069435,0.038736730991204,0.03306745605077,"28984/858/857/11235/7057/94/7498/7026",8
"GO:0007033","GO:0007033","vacuole organization","29/1294","209/16672",0.00160962225929115,0.038736730991204,0.03306745605077,"11345/55062/7251/58476/5663/51100/84557/8406/57617/23673/9525/27183/55858/29979/10228/55654/23325/10241/375/5899/9711/137492/26100/65018/219931/83547/84376/257364/79065",29
"GO:0010828","GO:0010828","positive regulation of glucose transport","10/1294","44/16672",0.0016582823863029,0.0395365372659937,0.0337502074901402,"79602/8218/10580/1432/8013/10776/5295/3667/5781/8660",10
"GO:0046626","GO:0046626","regulation of insulin receptor signaling pathway","10/1294","44/16672",0.0016582823863029,0.0395365372659937,0.0337502074901402,"2844/23189/5791/51763/55022/51094/3667/5970/3952/5167",10
"GO:0034637","GO:0034637","cellular carbohydrate biosynthetic process","14/1294","75/16672",0.00169895816615821,0.0403187942579954,0.0344179780541896,"54187/10580/54928/55829/51763/3613/3667/7360/5499/3952/8660/5167/2475/5500",14
"GO:0045765","GO:0045765","regulation of angiogenesis","29/1294","210/16672",0.00173266340405331,0.040646989698268,0.0346981407839703,"51564/28996/6093/3091/28984/3315/10014/11235/7128/2185/6237/90627/694/9475/1284/7057/94/388/92140/133/23576/861/7048/5598/1285/3952/147372/5587/2013",29
"GO:0044262","GO:0044262","cellular carbohydrate metabolic process","33/1294","249/16672",0.00175067470332808,0.040646989698268,0.0346981407839703,"9108/5255/3632/6095/54187/10580/5834/23417/54928/51422/2185/57486/10776/55829/51763/3613/2308/51094/1353/6774/3667/4204/7360/5499/114897/3952/3418/8660/5167/801/805/2475/5500",33
"GO:0030728","GO:0030728","ovulation","6/1294","18/16672",0.00177641077614689,0.040646989698268,0.0346981407839703,"2309/3624/4327/9510/3625/3952",6
"GO:1902307","GO:1902307","positive regulation of sodium ion transmembrane transport","6/1294","18/16672",0.00177641077614689,0.040646989698268,0.0346981407839703,"81/375/3799/2745/11261/1756",6
"GO:2000146","GO:2000146","negative regulation of cell motility","30/1294","220/16672",0.00177910318469623,0.040646989698268,0.0346981407839703,"7414/28984/23189/23560/10014/6722/11235/6237/90627/7057/1588/94/388/5793/2796/4681/6781/51094/10370/89927/10653/6774/25932/57175/247/10193/9241/7026/4771/104",30
"GO:0006541","GO:0006541","glutamine metabolic process","7/1294","24/16672",0.00178148041101641,0.040646989698268,0.0346981407839703,"56954/2744/9945/2752/2746/4204/1503",7
"GO:0006732","GO:0006732","coenzyme metabolic process","38/1294","299/16672",0.00178633259730634,0.040646989698268,0.0346981407839703,"65220/10157/51071/27430/51660/64834/80347/3091/4522/23417/2639/10135/51422/10965/29914/23597/262/64087/2643/5562/3295/3939/2356/8884/1737/2180/23171/84532/81034/9200/6774/51181/57546/6470/55526/641371/84188/201562",38
"GO:0006637","GO:0006637","acyl-CoA metabolic process","16/1294","92/16672",0.00179208343187838,0.040646989698268,0.0346981407839703,"10157/51660/64834/23417/2639/10965/23597/3295/1737/2180/84532/9200/57546/641371/84188/201562",16
"GO:0035383","GO:0035383","thioester metabolic process","16/1294","92/16672",0.00179208343187838,0.040646989698268,0.0346981407839703,"10157/51660/64834/23417/2639/10965/23597/3295/1737/2180/84532/9200/57546/641371/84188/201562",16
"GO:0044264","GO:0044264","cellular polysaccharide metabolic process","16/1294","92/16672",0.00179208343187838,0.040646989698268,0.0346981407839703,"5255/54187/10580/5834/51422/55829/51763/3667/7360/5499/8660/5167/801/805/2475/5500",16
"GO:0030833","GO:0030833","regulation of actin filament polymerization","22/1294","145/16672",0.00182136988381031,0.0411292600194345,0.0351098289218616,"55604/23189/8936/10096/2185/7408/5879/10097/375/2934/2059/123720/10092/10602/25802/57175/91663/2764/4641/89848/2475/10093",22
"GO:0060986","GO:0060986","endocrine hormone secretion","10/1294","45/16672",0.00198626470700357,0.0446561091583346,0.0381205096353363,"9727/3624/7110/185/80223/3625/114897/3952/8322/5781",10
"GO:0030856","GO:0030856","regulation of epithelial cell differentiation","19/1294","119/16672",0.001997879077494,0.0447210836298437,0.0381759748340268,"6093/3551/857/6009/54206/8202/694/406/9475/10413/94/7498/2487/55273/2668/6777/247/23764/79633",19
"GO:0010506","GO:0010506","regulation of autophagy","34/1294","261/16672",0.00201254069465776,0.0448352490996047,0.0382734317323565,"823/23604/81671/23032/58476/9706/10059/27131/51100/29801/3091/3315/529/5562/26191/10241/4864/27/4170/5899/9711/92140/2308/65018/219931/7855/836/1613/5049/3952/10193/340371/23545/2475",34
"GO:0071902","GO:0071902","positive regulation of protein serine/threonine kinase activity","37/1294","291/16672",0.00202047259890922,0.0448352490996047,0.0382734317323565,"5310/8491/5606/5663/4616/28984/54757/1432/896/5159/11235/2043/5311/2185/3306/5562/51347/29969/10253/7057/1847/5899/6868/2180/7855/57018/5604/11214/8322/8325/5781/4217/1902/801/805/3672/81669",37
"GO:0001667","GO:0001667","ameboidal-type cell migration","40/1294","322/16672",0.00210184557190213,0.0460543914618911,0.0393141477518289,"51564/3091/28984/9688/3315/7763/10014/6722/11235/8828/2185/5290/3164/6776/14/10487/90627/9475/79899/91/5879/7057/94/8394/10500/388/5793/2768/80005/6781/51094/7048/2668/57175/5781/147372/5587/7026/340719/2013",40
"GO:0043467","GO:0043467","regulation of generation of precursor metabolites and energy","15/1294","85/16672",0.00211877470953295,0.0460543914618911,0.0393141477518289,"10580/3091/51422/5290/55829/5562/51763/65018/6774/3667/5499/8660/5167/2475/5500",15
"GO:0010801","GO:0010801","negative regulation of peptidyl-threonine phosphorylation","5/1294","13/16672",0.00212033483905702,0.0460543914618911,0.0393141477518289,"51763/10253/200734/801/805",5
"GO:0046325","GO:0046325","negative regulation of glucose import","5/1294","13/16672",0.00212033483905702,0.0460543914618911,0.0393141477518289,"55829/5562/55022/3952/5167",5
"GO:2000651","GO:2000651","positive regulation of sodium ion transmembrane transporter activity","5/1294","13/16672",0.00212033483905702,0.0460543914618911,0.0393141477518289,"81/3799/2745/11261/1756",5
"GO:0018107","GO:0018107","peptidyl-threonine phosphorylation","14/1294","77/16672",0.0022018010060193,0.0470428249799121,0.0401579200857332,"28996/51422/10114/51763/91/10253/7225/9730/7048/9943/200734/801/805/2475",14
"GO:0030038","GO:0030038","contractile actin filament bundle assembly","14/1294","77/16672",0.0022018010060193,0.0470428249799121,0.0401579200857332,"6093/55604/10580/28984/6722/2185/51763/9475/5879/5295/7791/4771/1902/2475",14
"GO:0043149","GO:0043149","stress fiber assembly","14/1294","77/16672",0.0022018010060193,0.0470428249799121,0.0401579200857332,"6093/55604/10580/28984/6722/2185/51763/9475/5879/5295/7791/4771/1902/2475",14
"GO:0009108","GO:0009108","coenzyme biosynthetic process","21/1294","138/16672",0.00220255130612152,0.0470428249799121,0.0401579200857332,"65220/27430/51660/64834/80347/4522/23417/2639/10135/10965/29914/23597/2643/2356/1737/2180/84532/9200/57546/641371/201562",21
"GO:0043666","GO:0043666","regulation of phosphoprotein phosphatase activity","12/1294","61/16672",0.00224204545777762,0.0472343761916681,0.0403214370143468,"4659/6093/9891/3717/3551/5159/10776/9475/23141/801/805/3672",12
"GO:0002062","GO:0002062","chondrocyte differentiation","16/1294","94/16672",0.00225390059388182,0.0472343761916681,0.0403214370143468,"1301/54928/7704/1432/4209/6660/11173/658/94/861/91461/7048/8313/5970/64764/359845",16
"GO:0016055","GO:0016055","Wnt signaling pathway","54/1294","469/16672",0.00225679123569955,0.0472343761916681,0.0403214370143468,"57658/54764/10979/2239/79960/5663/5705/9209/5714/5713/166/857/23189/1432/51421/2309/54795/10197/5562/406/8932/79577/29969/5879/4609/10413/7041/85407/5686/85409/10146/2308/147495/1896/2487/7855/166336/8323/51704/1613/8313/284654/5499/8322/8325/169200/25987/9241/7088/160/5336/801/805/2869",54
"GO:0051403","GO:0051403","stress-activated MAPK cascade","32/1294","243/16672",0.00225689946691552,0.0472343761916681,0.0403214370143468,"8491/28996/4616/3551/1326/1845/10114/1432/11235/2043/2185/26191/51347/29969/4609/3480/10550/2308/7498/65018/7855/79155/5604/90441/3952/8322/8325/5187/64853/4217/4215/1147",32
"GO:0010632","GO:0010632","regulation of epithelial cell migration","24/1294","166/16672",0.00225759308758461,0.0472343761916681,0.0403214370143468,"51564/3091/28984/3315/10014/11235/8828/2185/6776/14/90627/9475/7057/94/388/5793/80005/6781/51094/7048/147372/5587/7026/2013",24
"GO:0048608","GO:0048608","reproductive structure development","48/1294","406/16672",0.00227325549770485,0.0473687304115246,0.0404361279587465,"5310/10046/639/8531/51665/10272/11144/3091/1471/10049/1432/79084/2309/5311/3624/4327/599/5468/3295/5156/9394/1588/658/3491/151449/7110/2796/133/9510/57728/6781/3625/7855/25976/3148/10370/10653/3622/5604/6777/3952/8322/5781/247/9241/3297/7026/283",48
"GO:0036474","GO:0036474","cell death in response to hydrogen peroxide","7/1294","25/16672",0.00231055043158948,0.0479509372968733,0.0409331265464201,"9688/11235/2309/8013/65018/2861/5074",7
"GO:0046395","GO:0046395","carboxylic acid catabolic process","27/1294","195/16672",0.00235828141726315,0.0486477090012138,0.0415279229353032,"10157/56922/3991/5625/23464/2639/1374/2744/4329/35/64087/3295/23175/2752/2108/2746/23576/8659/875/10999/3667/51181/3952/6470/18/8660/2475",27
"GO:0198738","GO:0198738","cell-cell signaling by wnt","54/1294","470/16672",0.00236310564598171,0.0486477090012138,0.0415279229353032,"57658/54764/10979/2239/79960/5663/5705/9209/5714/5713/166/857/23189/1432/51421/2309/54795/10197/5562/406/8932/79577/29969/5879/4609/10413/7041/85407/5686/85409/10146/2308/147495/1896/2487/7855/166336/8323/51704/1613/8313/284654/5499/8322/8325/169200/25987/9241/7088/160/5336/801/805/2869",54
"GO:1904019","GO:1904019","epithelial cell apoptotic process","15/1294","86/16672",0.0023863256842809,0.0489292218304956,0.0417682352402346,"3717/28984/7128/2309/6272/7057/5925/2934/831/7048/5598/79155/1285/4217/2475",15
"GO:0006907","GO:0006907","pinocytosis","6/1294","19/16672",0.00242748142077944,0.0493780546147437,0.0421513795579789,"55604/27131/857/81/7376/257364",6
"GO:0032332","GO:0032332","positive regulation of chondrocyte differentiation","6/1294","19/16672",0.00242748142077944,0.0493780546147437,0.0421513795579789,"7704/6660/658/94/91461/5970",6
"GO:0044282","GO:0044282","small molecule catabolic process","41/1294","335/16672",0.00245551941399561,0.0497509585618242,0.0424697075264396,"9108/10157/3632/8578/56922/3991/5019/5625/23464/587/2639/1374/2744/1491/4329/35/79644/64087/51763/3295/23175/2752/219/2108/3613/2746/23576/8659/875/622/10999/3667/51181/3952/6470/18/8660/2526/131870/2475/11165",41
